categoria,titulo,contenido,fecha
finanzas,"$4,700 Oro en el Horizonte? Estratega de UBS Cree que el Aumento Recién Está Comenzando a Calentarse","“El oro ha subido más del 60% este año, superando a todas las principales clases de activos, con el cierre del gobierno de EE.UU. y las renovadas tensiones comerciales inyectando nuevo impulso al comercio,” informó Kitco el lunes. Khandelwal destacó que, dado el talento del oro para marcar su propio ritmo—rara vez sincronizándose con acciones o bonos, especialmente cuando los mercados se ponen nerviosos—UBS favorece “una exposición de un solo dígito medio al oro en una cartera bien diversificada.” | El más reciente repunte del oro tiene a los inversores entusiasmados, y con el platino y el paladio también brillando más, el mercado de metales está lejos de ser aburrido. Los analistas dicen que la independencia del metal amarillo frente a las acciones y los bonos le otorga una ventaja estable cuando los mercados tambalean. Para aquellos que buscan equilibrio y un poco de brillo, la propuesta de UBS podría ser el cambio de cartera que todos están buscando. Khandelwal cree que se puede alcanzar un nuevo pico. | El estratega de UBS Global Wealth Management añadió:;2025-12-24 01:00:27",20 OCT 2025
finanzas,"'Las tarifas juegan un papel: la inflación en EE.UU. alcanza el 3% en septiembre, los mercados celebran'","El Índice de Precios al Consumidor (IPC) aumentó un 0.3% en septiembre, impulsado principalmente por aumentos en la gasolina (4.1%) y los alimentos (0.2%), con la energía también aumentando en un (1.5%) durante el mes. | El IPC durante los últimos doce meses subió al 3%, siendo esta la primera vez que el índice alcanza este número desde enero. No obstante, los economistas esperaban un resultado más duro, estimando que el número aumentaría un 0.4%. | Los números revelaron que el costo de vida ha estado aumentando constantemente para los estadounidenses, con la inflación solo aumentando desde que la administración Trump implementó sus políticas de aranceles en abril. | En su enfoque, la Reserva Federal de EE. UU. ha tomado el parámetro del IPC y los números de desempleo para sondear el mercado y decidir si recortar tasas de interés o no. | Estos niveles de IPC hacen poco para aliviar las preocupaciones sobre una hipotética aceleración de precios, pero la Reserva Federal podría estar más preocupada por la situación laboral, dispuesta a recortar tasas en un cuarto de punto. | Los mercados están reaccionando como si el escenario de recortes fuera casi seguro.;2025-12-24 00:59:21",24 OCT 2025
finanzas,Analistas Apuntan a $1M Bitcoin Con un Ciclo Impulsado por Instituciones en Auge,"El sentimiento optimista alrededor de bitcoin continúa creciendo mientras que la firma global de investigación de acciones y corretaje, Bernstein, emitió una perspectiva revisada. La actualización se centró en un desvío del ciclo tradicional de cuatro años, haciendo hincapié en un mercado cada vez más impulsado por la participación institucional. | “A la vista de la reciente corrección del mercado, creemos que el ciclo de bitcoin ha roto el patrón de 4 años (ciclo que alcanza su punto máximo cada 4 años) y ahora está en un ciclo alcista prolongado con una compra institucional más estable que compensa cualquier venta de pánico minorista,” dijo la firma, según Matthew Sigel, jefe de investigación de activos digitales en Vaneck, quien compartió la información. | Subrayando que el comportamiento de los ETF refleja una propiedad a largo plazo fortalecida, la declaración de Bernstein continuó: “A pesar de una corrección de ~30% en bitcoin, hemos visto menos del 5% de salidas a través de ETFs.” La firma añadió: | Bernstein, una importante firma de investigación y corretaje de Wall Street, mantiene una tesis profundamente optimista basada en la adopción institucional, dinámicas de oferta y convergencia tecnológica. Sus analistas destacan los ETFs de bitcoin al contado como una fuerza transformadora que podría impulsar flujos de capital sin precedentes, mientras esperan que las corporaciones amplíen la exposición de tesorería durante la década. También señalan la integración de la minería de bitcoin con el alojamiento de centros de datos de IA como una evolución estabilizadora que amplía el atractivo institucional. La firma argumenta que el suministro fijo de bitcoin lo posiciona para eventualmente superar al oro como el principal depósito de valor, describiendo el entorno como un “largo y agotador mercado alcista de criptomonedas” impulsado por una integración financiera estructural y una claridad regulatoria en aumento.;2025-12-24 00:58:53",09 DIC 2025
finanzas,Argentina y la Tesorería de EE. UU. Firman una Línea de Swap de $20 Mil Millones mientras Trump Advierte que el País Latinoamericano Está 'Muriendo',"El Banco Central de Argentina (BCRA) finalmente firmó un acuerdo de $20 mil millones con el Tesoro de los EE. UU. para estabilizar su tipo de cambio dólar-peso. El hito llega después de semanas de negociaciones con funcionarios de EE. UU., incluido el Secretario del Tesoro de EE. UU., Scott Bessent, mientras el Presidente Javier Milei buscaba consolidar este salvavidas antes de las elecciones de medio término. | Estos $20 mil millones son parte de una estrategia que también incluye intervenciones comprensivas del Tesoro de los EE. UU., que ha estado comprando pesos directamente en el mercado cambiario argentino. | La estabilización del tipo de cambio de moneda extranjera en Argentina podría tener un impacto profundo en el resultado de las próximas elecciones de medio término. Los resultados también determinarán si Trump sigue financiando a Argentina, ya que advirtió que si el partido de Milei resulta derrotado, EE. UU. no sería “generoso.” | Las elecciones, ganadas o perdidas, también enviarán un mensaje poderoso en Latinoamérica sobre la creciente intromisión política y económica de los EE. UU. en países extranjeros, un tema que políticos y analistas locales han rechazado. | El experimento argentino y su resolución pueden convertirse en un ejemplo de libro de texto sobre cómo manejar una crisis de deuda y devaluación con el apoyo de EE. UU.. También puede fracasar, sumiendo al país en una crisis de deuda durante varias décadas. En cualquier caso, los ojos del mundo estarán puestos en Argentina.;2025-12-24 01:00:10",22 OCT 2025
finanzas,Bajo $90K—El Rebote a Corto Plazo de Bitcoin Enfrenta Fuertes Obstáculos Técnicos,"En el gráfico diario, bitcoin continúa negociándose muy por debajo de sus principales marcadores de tendencia, reforzando la estructura descendente más amplia que ha estado vigente desde el retroceso desde el territorio de seis cifras. El precio actualmente se encuentra cerca del extremo superior del rango reciente, pero sigue estando limitado por debajo de múltiples promedios a largo plazo, incluidos el promedio móvil exponencial (EMA) en más de 50 períodos y el promedio móvil simple (SMA) en más de 100 períodos. | Las velas en este marco de tiempo muestran cuerpos encogidos y mechas frecuentes, un signo clásico de vacilación en lugar de fuerza direccional. Los patrones de volumen refuerzan ese mensaje, disminuyendo después de intentos de recuperación previos y ofreciendo poca evidencia de que se haya producido un cambio duradero en el control.;2025-12-24 00:57:29",15 DIC 2025
finanzas,Bank of Thailand advierte que se avecinan más congelaciones de cuentas,"Las estafas en línea, incluidos el fraude de centro de llamadas y los esquemas de inversión, se han convertido en un problema serio en Tailandia, afectando a miles de personas. El Banco de Tailandia, que ya ha tomado medidas para frenar la proliferación de estos delitos, ha advertido que estas medidas pueden intensificarse en los próximos días. | Daranee Saeju, Gobernadora Asistente a cargo de Protección al Consumidor en el Banco de Tailandia, enfatizó que más cuentas bancarias vinculadas a estos delitos pueden ser congeladas mientras el banco se enfoca en recuperar los fondos robados de las víctimas en colaboración con el Centro de Operación Contra las Estafas en Línea (AOC). | La operación ha afectado a miles de víctimas inocentes, principalmente residentes extranjeros en el país, quienes han experimentado bloqueos de tarjetas y negaciones de retiros de efectivo. | Saeju enfatizó que el banco está trabajando para abordar estas situaciones, explicando que la institución aceleraría la liberación de fondos para las personas que se determine que no están involucradas en estafas.;2025-12-24 01:06:00",28 SEPT 2025
finanzas,"Bitcoin, Ether ETFs muestran fuertes salidas mientras que Solana y XRP se mantienen en verde","El GBTC de Grayscale registró una salida de $27.51 millones, y el HODL de Vaneck completó las declinaciones con $21.25 millones en redenciones. A pesar de la caída, la actividad de comercio se mantuvo activa, con $5.27 mil millones en volumen y activos netos totales descendiendo a $112.27 mil millones. | En general, la sesión reflejó una rotación clara. Bitcoin y ether enfrentaron una renovada presión vendedora, pero la demanda por solana y XRP sugirió que los inversores todavía están dispuestos a desplegar capital, solo de manera más selectiva y con una mirada más aguda en las narrativas de crecimiento.;2025-12-24 00:55:50",16 DIC 2025
finanzas,"Bitcoin cae por debajo de $90,000"," Andrew Tate pregunta por qué la compra de $1B de Saylor no logró aumentar el precio;Después de comenzar la nueva semana con un salto del 4% a $92,000, el bitcoin finalmente terminó el día más bajo, cotizando alrededor de $90,000. Aunque la volatilidad no es nada nuevo para BTC, su movimiento de precios del 8 de diciembre pareció inusual, ya que coincidió con el anuncio de que la empresa de Michael Saylor, Strategy, había comprado 10,624 BTC adicionales, elevando su total de posiciones a 660,624 BTC. | Durante el fuerte rally del bitcoin en la segunda mitad del año, los anuncios regulares de los lunes de Michael Saylor sobre nuevas adquisiciones de BTC por parte de Strategy a menudo coincidían con un renovado impulso en el mercado. El efecto fue más pronunciado mientras la empresa perseguía una estrategia de acumulación agresiva financiada por deuda, amplificando el sentimiento de los inversores. Sin embargo, una vez que Strategy redujo sus compras apalancadas, el impacto de las declaraciones de Saylor disminuyó y resultó insuficiente para contrarrestar la subsiguiente tendencia a la baja del bitcoin. | Desde que aparentemente tocó fondo el 21 de noviembre, BTC ha estado apreciándose lentamente, renovando esperanzas de que aún pueda terminar 2025 con modestas ganancias. Sin embargo, la criptomoneda principal ha luchado por mantener un impulso ascendente, con cada rally aparentemente incapaz de durar más que unos pocos días. La compra de casi $1 mil millón de BTC por parte de Strategy, que muchos esperaban que impulsara la criptomoneda, igualmente no logró desencadenar un rally que la llevara a recuperar los $100,000. | De hecho, justo cuando Saylor reveló la compra, BTC tendió a la baja, cayendo por debajo de $90,000. Esta acción del precio ha desconcertado a analistas y a algunos influencers como Andrew Tate, quien cuestionó públicamente por qué el anuncio no logró levantar la criptomoneda. | “Soy un gran fan de BTC, pero micro strat compra 10k BTC en un solo día, y el precio no se mueve. Explícame eso,” preguntó Tate en un post en X. | Mientras algunos analistas en las redes sociales atribuyeron el desempeño decepcionante de BTC a una supuesta manipulación del mercado por un solo gran trader, Jacob King, un analista financiero y contrarian, argumentó que la economía cripto está en las primeras etapas de un mercado bajista, por lo tanto, el “bombeo escenificado” de Saylor no traerá el alivio anticipado. King sugirió que es poco probable que los inversores se sientan tranquilos por un hombre cuyas operaciones anteriores están “bajo agua”.;2025-12-24 00:56:47",09 DIC 2025
finanzas,"Bitcoin pierde $90K, los osos acumulan más de $200 millones en liquidaciones","El Bitcoin sigue bajando después de no haber logrado rebotar desde una pendiente negativa durante los últimos dos meses, “Up-tober” y “Moon-vember”, que no fueron positivos para la moneda. | BTC registró una caída intradía del 4,29%, ya que no pudo generar suficiente interés para penetrar el nivel de $93,000 en su camino hacia arriba. El precio de la moneda cayó tan bajo como $89,185 en Bitstamp en el momento de escribir, mientras que los analistas financieros afirman que todavía hay margen para la baja. | Finalmente, McGlone publicó que Bitcoin liderará la próxima recesión, y que 2026 será el tercer año bajista para el S&P 500 desde 2008. | Aunque el bitcoin registró precios récord a principios de este año, el sentimiento se volvió bajista en medio de lo que los analistas etiquetaron como una crisis de liquidez, con posiciones relativamente pequeñas causando grandes cambios en el mercado de criptomonedas. | No obstante, los toros y los osos están teniendo una intensa lucha, ya que hay elementos que apoyan el aumento del bitcoin mientras que otros lo suprimen. Entre los primeros está la decisión esperada de la Reserva Federal de recortar las tasas de interés y el fin de la política de endurecimiento cuantitativo de la institución. | No obstante, el peligro podría venir de Asia, ya que se espera que el Banco de Japón suba las tasas de interés en el país, con el gobierno preparado para ejecutar uno de los programas de estímulo más grandes desde la pandemia de COVID. | Esto podría acelerar la caída del bitcoin a medida que los inversores deshacen su operación de carry trade en yenes, vendiendo activos de riesgo como el bitcoin para cubrir sus préstamos en el país del sol naciente.;2025-12-24 00:51:23",05 DIC 2025
finanzas,Bitcoin Puede Haber Alcanzado su Mínimo Mientras Grayscale Proyecta Nuevos Máximos,"El equipo de investigación de Grayscale Investments, gestor de activos digitales, publicó un informe el 1 de diciembre que evaluó el reciente declive de bitcoin y se centró en sus perspectivas de mercado. El grupo concluyó que la caída encaja dentro del comportamiento típico de un mercado alcista e indicó que el bitcoin podría potencialmente alcanzar nuevos máximos en 2026 basado en múltiples factores técnicos, estructurales y macroeconómicos. | El informe afirma: | “Estratégicamente, algunos indicadores apuntan a un fondo a corto plazo, mientras que otros aún están mezclados. Hacia fin de año, los catalizadores positivos pueden incluir otro recorte de tasas por parte de la Fed y avances bipartidistas en la legislación sobre criptomonedas,” señaló Grayscale. El equipo argumentó que las correcciones de bitcoin —históricamente frecuentes y a menudo abruptas— no implican un mercado bajista de varios años. Añadieron: “Aunque las perspectivas son inciertas, creemos que la tesis del ciclo de cuatro años resultará ser incorrecta, y que el precio de bitcoin potencialmente alcanzará nuevos máximos el próximo año.” | Para apoyar esta visión, los analistas de la firma señalaron la ausencia de un rally parabólico, que típicamente indica sobrecalentamiento, y la creciente importancia de los flujos de productos cotizados en bolsa (ETP) y las tesorerías institucionales como fuentes estabilizadoras de demanda. El grupo también observó un aumento de la cobertura y una reducción de la especulación, señalando: | Aun así, reconocieron que una actividad de futuros más débil, anteriores salidas de ETP y ventas de poseedores de largo plazo significan que la confirmación de una recuperación sostenida aún no es definitiva. | Las proyecciones de Grayscale para bitcoin dependen en gran medida de las condiciones macroeconómicas y regulatorias en evolución. Un recorte de tasas de la Reserva Federal en diciembre reduciría las tasas de interés reales, una dinámica históricamente asociada con un mejor desempeño en activos alternativos que compiten con el Dólar estadounidense. El equipo destacó que el trabajo bipartidista en la legislación sobre criptomonedas podría mejorar aún más la estructura del mercado, reducir la incertidumbre regulatoria y apoyar la adopción institucional. Argumentaron que estos desarrollos reforzarían la demanda a largo plazo incluso si la negociación a corto plazo sigue siendo volátil.;2025-12-24 00:53:55",05 DIC 2025
gobiernos,"'Intercambios de Efectivo a Criptomonedas' Financian el Crimen Global, Dice la Agencia Nacional del Crimen del Reino Unido","Las autoridades del Reino Unido (UK) han intensificado los esfuerzos para interrumpir las redes de lavado de dinero vinculadas a criptomonedas, advirtiendo que los mensajeros de efectivo siguen siendo un enlace crítico en el ecosistema criminal. | “Están en nuestras comunidades y hacen que el ecosistema criminal funcione, porque si no puedes beneficiarte de tus crímenes, ¿para qué molestarse?”, explicó Melki. | Desde el lanzamiento de “Operación Desestabilizar”, las fuerzas del orden han realizado 128 arrestos, y más de $32.75 millones (£25 millones) en efectivo y criptomonedas han sido incautados solo en el Reino Unido. La inteligencia de la operación también ha permitido que los socios internacionales de la NCA incauten aproximadamente $27 millones en incautaciones no realizadas en el Reino Unido. | Además de los arrestos e incautaciones, las autoridades del Reino Unido lanzaron recientemente una campaña de concienciación pública con mensajes exhibidos en estaciones de servicio en todo el Reino Unido. Si bien millones de británicos vieron los avisos, Melki enfatizó que estaban dirigidos directamente a los lavadores: | “Tu elección es simple: o dejas este tipo de trabajo, o prepárate para enfrentar a uno de nuestros oficiales y la realidad de tus elecciones. El dinero fácil lleva a tiempos difíciles.” | La advertencia subraya la creciente preocupación de que el papel de las criptomonedas en los esquemas de lavado está aumentando, con los mensajeros de efectivo actuando como el puente esencial entre las transacciones en la cadena de bloques y el sistema financiero físico.;2025-12-24 01:14:08",23 NOV 2025
gobiernos,130 plataformas cripto en la sombra eliminadas en la implacable represión de Kazajistán,"Se citó a Bizhanov diciendo: | La iniciativa está alineada con la Ley de Activos Digitales de Kazajistán, que solo permite operar legalmente a los intercambios con licencia otorgada por la Autoridad de Servicios Financieros de Astana (AFSA) y conectados a bancos locales. Las plataformas no registradas fuera de este marco se consideran ilegales. | Además, explicó que la AFM había descubierto 81 grupos de sombra con un movimiento ilícito que asciende a 24 mil millones de KZT ($43 millones) en 2024, subrayando los riesgos persistentes asociados a retiros de efectivo anónimos. | La AFM, en coordinación con el Ministerio de Justicia y el Ministerio de Inteligencia Artificial, ha introducido procedimientos de verificación más estrictos para el registro empresarial a fin de evitar que empresas ficticias sean utilizadas en delitos financieros. En los últimos tres años, las autoridades han revocado el registro de 3,600 firmas ficticias vinculadas a 30,000 transacciones fraudulentas por un total de 280 mil millones de KZT. | Analistas señalan que mientras que la represión destaca la fuerte postura regulatoria de Kazajistán, establecer un marco de licencias claro y eficiente podría posicionar al país como un centro regional para la innovación blockchain cumpliendo con regulaciones.;2025-12-24 01:07:18",10 OCT 2025
gobiernos,155 solicitudes de ETF de criptomonedas señalan un enorme impulso en el aterrizaje institucional.,"Una ola de optimismo está barriendo el sector de activos digitales a medida que las solicitudes de productos cotizados en bolsa (ETP) de criptomonedas alcanzan niveles sin precedentes, indicando una sólida confianza institucional en la trayectoria del mercado. El analista de ETF de Bloomberg, Eric Balchunas, compartió el 21 de octubre que se han realizado un récord de 155 solicitudes de ETP desde 2024, representando 35 criptomonedas diferentes. Describiendo la avalancha de solicitudes como histórica, Balchunas sugirió que el total podría exceder las 200 en el próximo año, a medida que los gestores de activos compiten por lanzar nuevos fondos de inversión cripto. | Aclaró que la lista refleja solo solicitudes pendientes y excluye los ETF que ya están comerciando, lo que explica por qué bitcoin y ether no lideran en número. “Esto es solo solicitudes. No incluye los ETF en el mercado. Por eso bitcoin no está en la cima ni ether porque tantos han pasado a través de la SEC. Estos son solo los que esperan en la fila,” explicó. | Según los datos, solana (SOL) y bitcoin (BTC) lideran con 23 solicitudes cada uno, seguidos por XRP con 20. Ethereum (ETH) tiene 16, y los productos de cestas representan 10. Litecoin (LTC) registró 5 solicitudes, mientras que avalanche (AVAX), dogecoin (DOGE) y polkadot (DOT) tienen 4 cada uno. SEI, hedera (HBAR), SUI, Binance Coin (BNB) y cardano (ADA) cada uno registró 3.;2025-12-24 01:10:34",23 OCT 2025
gobiernos,5x XRP ETF Presentación Empuja el Apalancamiento de Criptomonedas Hacia Territorio Desconocido,"El analista de ETF de Bloomberg, Eric Balchunas, comentó sobre el desarrollo, afirmando: | Señaló que Volatility Shares presentó para ETF 5x a pesar de que la SEC aún no ha aprobado las presentaciones de ETF 3x. “Volshares es como, intentemos 5x”, dijo el analista, sugiriendo que podría depender de la posibilidad de un cierre prolongado del gobierno, notando: “Si no hay gobierno en 75 días, pueden lanzarse, pero no lo sé”. Sus comentarios subrayan tanto la especulación temporal de la presentación como la incertidumbre continua en torno a la aprobación regulatoria. | Mientras que la presentación más amplia cubre acciones individuales como Tesla, Nvidia y Amazon, la inclusión de XRP se destaca dado su prominencia en desarrollos regulatorios recientes y su fuerte seguimiento en el sector cripto. La propuesta llega en medio de un renovado apetito de los inversionistas por vehículos de alto riesgo y alta recompensa y se presenta mientras la SEC opera con capacidad limitada durante un cierre del gobierno, lo que podría ralentizar la revisión de estas presentaciones sin precedentes. | A pesar del escepticismo, los defensores de la innovación en activos digitales ven el ETF vinculado a XRP como una señal importante de la evolución del mercado. Los partidarios argumentan que tales productos apalancados podrían aumentar la liquidez y profundizar la participación institucional en los mercados de cripto. Si la SEC permite que estos productos 5x avancen, podría determinar el futuro de los ETF apalancados de cripto y el papel de activos como XRP en conectar las finanzas digitales con los mercados tradicionales.;2025-12-24 01:14:02",20 OCT 2025
gobiernos,Abu Dhabi’s ADGM agrega USDT a la lista de tokens aprobados en principales blockchains,"En un comunicado, el CEO de Tether, Paolo Ardoino, dijo que los EAU “continúan estableciendo el estándar global para la regulación de activos digitales”, señalando que el reconocimiento apoya oportunidades de colaboración más amplias en todo el Medio Oriente. Mientras tanto, la realidad regulatoria sigue estando firmemente basada — ADGM ha estado identificando qué redes encajan dentro de sus conjuntos de reglas y decisiones de cumplimiento metódicas. | Para las empresas que operan en o que tienen como objetivo la región, la aprobación ampliada significa una mayor interoperabilidad, rieles de liquidación más claros y un conjunto más amplio de opciones de cadena de bloques que cumplen con los criterios de la FSRA. Si esto finalmente impulsa una liquidez significativa en la jurisdicción es una pregunta que el mercado responderá próximamente.;2025-12-24 01:10:13",09 DIC 2025
gobiernos,AUSTRAC apunta a operador de cajeros automáticos de criptomonedas por riesgos de lavado de dinero,"El CEO de AUSTRAC, Brendan Thomas, declaró que la notificación de infracción tiene como objetivo abordar el incumplimiento previo de los requisitos de reporte, mientras que el compromiso ejecutable pretende asegurar que Cryptolink mejore sus evaluaciones de riesgo y fortalezca sus controles generales de ALD/CTF. | “Los cajeros automáticos de criptomonedas representan uno de los canales de mayor riesgo para el lavado de dinero en Australia”, dijo Thomas, enfatizando que estos cajeros son explotados por criminales para lavar dinero y transferir fondos de estafas. Afirmó la seriedad de estos hallazgos, respaldados por observaciones del Grupo de Trabajo de Criptomonedas y colaboraciones con las fuerzas del orden. | Como parte del compromiso ejecutable, se requiere que Cryptolink involucre a revisores externos para validar el reporte de todas las transacciones que superen el umbral necesario a AUSTRAC. Se espera que los revisores evalúen la efectividad de los controles relacionados con grandes transacciones en efectivo. | Se espera que Cryptolink proporcione a AUSTRAC un informe escrito sobre las acciones tomadas para abordar los hallazgos, incluidas las acciones correctivas o de mejora identificadas para el 13 de marzo de 2026. Mientras tanto, la aceptación de este compromiso ejecutable por parte del CEO de AUSTRAC no afecta el derecho del regulador a tomar más medidas relacionadas con cualquier infracción futura por parte de Cryptolink. | Aunque Cryptolink reconoció la notificación y pagó la multa de inmediato, según AUSTRAC, esto no constituye una admisión de responsabilidad por parte del operador del cajero automático. | “Las estafas impulsan una cantidad significativa de actividad sospechosa. Los criminales utilizan cada vez más los cajeros automáticos de criptomonedas para manipular y retirar fondos robados”, agregó Thomas. Citó un informe reciente del Instituto Australiano de Criminología, que indicó que más del 40% de las víctimas de ciberdelitos son revictimizadas, a menudo en cuestión de meses. | La segunda fase del Grupo de Tareas de Criptomonedas se centra en las operaciones de alto riesgo. El jefe de AUSTRAC enfatizó la necesidad de que todos los operadores del sector de moneda digital tomen estos problemas en serio. | “A los criminales no les importa cómo lastiman a las personas; les importa ganar dinero”, dijo Thomas. “Queremos colaborar con los intercambios de moneda digital para fortalecer el sector contra la explotación. Sin embargo, si los operadores no prestan atención a estas advertencias, nos veremos obligados a tomar más medidas.”;2025-12-24 01:11:39",31 OCT 2025
gobiernos,Australia Apunta al Abuso de Cajeros Automáticos de Criptomonedas con Nuevas Reglas de Datos de Visas de Estudiantes,"Actualmente, las instituciones financieras carecen de visibilidad sobre si los estudiantes internacionales todavía están en Australia o han regresado a sus países de origen. Al actualizar los términos y condiciones del sistema de Verificación de Derechos de la Visa en Línea (VEVO), el gobierno ahora permitirá que los bancos verifiquen esta información. | “Las instituciones financieras podrán, como resultado de esto, acceder a la información de la visa si creen que están tratando con una cuenta mula, para determinar si alguien probablemente ha salido de Australia,” declaró Burke. | También reveló que la próxima legislación introducirá un nuevo marco regulatorio para los negocios de activos digitales. El marco extenderá las leyes de servicios financieros existentes y empoderará a AUSTRAC para restringir o prohibir productos de alto riesgo, con los cajeros automáticos de criptomonedas como parte integral de esa categoría.;2025-12-24 01:08:26",16 OCT 2025
gobiernos,Banco de Inglaterra apunta a finales de 2026 para la regulación de las stablecoin,"Hasta hace poco, el BoE había estado bajo presión del Tesoro del Reino Unido, el cual estaba supuestamente insatisfecho con el ritmo del banco central en el tema. Funcionarios argumentaron que el Reino Unido estaba perdiendo terreno frente a otras jurisdicciones debido al enfoque ultra-cauteloso del banco central sobre el tema. Los críticos argumentan que el ritmo lento del BoE está dando a EE.UU. la ventaja del pionero, una situación que los funcionarios podrían lamentar más tarde. | Sin embargo, ahora que el BoE parece estar señalando su disposición para avanzar, los actores de la industria lo instan a acelerar el proceso. Katharine Braddick, jefa de política estratégica en Barclays y exfuncionaria del Tesoro, dijo que el Reino Unido debe aumentar el ritmo si quiere competir con EE.UU. | “Estamos a punto de experimentar un período probablementemente más rápido de desarrollo de políticas y regulaciones, así como trabajo estratégico de políticas, ciertamente en el lado del Reino Unido”, se la cita diciendo a Braddick. “EE.UU. realmente nos está imponiendo un desafío con el ritmo, la ambición y el alcance de lo que están tratando de lograr”. | A pesar de que el BoE ha suavizado su postura, el gobernador Andrew Bailey sigue preocupado por lo que ve como “lagunas e inconsistencias significativas” entre diferentes regímenes de stablecoins que podrían representar riesgos para la estabilidad financiera.;2025-12-24 01:07:34",21 OCT 2025
gobiernos,"Banco de Inglaterra Propone Límite de £20,000 en Marco Histórico para Stablecoins","El Banco de Inglaterra se movió para reforzar la supervisión de las finanzas digitales al iniciar una consulta el 10 de noviembre que describe un marco regulatorio propuesto para stablecoins sistémicas denominadas en libras esterlinas. La iniciativa tiene como objetivo integrar el dinero digital de manera segura en el panorama de pagos del Reino Unido y reforzar la estabilidad monetaria a medida que la innovación se acelera. | “Esto marca un paso significativo en la preparación para un futuro donde nuevas formas de dinero digital pueden ser ampliamente utilizadas para pagos junto con las existentes, ofreciendo una valiosa opción para el público”, declaró el banco central británico. La Subgobernadora para la Estabilidad Financiera, Sarah Breeden, opinó: | El Banco de Inglaterra explicó: “En respuesta a los comentarios, los emisores de stablecoins sistémicas podrán tener hasta el 60% de los activos de respaldo en deuda gubernamental británica a corto plazo. Para el 40% restante, el Banco, como se propuso anteriormente, proporcionará a los emisores cuentas no remuneradas en el Banco de Inglaterra, asegurando un rescate robusto y confianza pública, incluso bajo estrés.” | Continuó: “Además, aquellos emisores considerados sistémicos al lanzamiento, o que están en transición desde el régimen de la FCA, inicialmente podrán tener hasta el 95% de los activos de respaldo en deuda gubernamental británica a corto plazo, para apoyar su viabilidad a medida que crecen.” | El Banco también destacó medidas de control de riesgos: | “Estos límites se eliminarían una vez que la transición ya no represente riesgos para la provisión de financiación a la economía real. Estos límites no se aplicarían a las stablecoins utilizadas para liquidar transacciones del mercado financiero mayorista en el Banco y el Sandbox de Valores Digitales de la FCA,” aclaró el Banco de Inglaterra. La Autoridad de Conducta Financiera (FCA) continuará regulando a los emisores no sistémicos, con supervisión conjunta introducida una vez que los emisores sean designados como sistémicos. La consulta cierra el 10 de febrero de 2026, antes de los Códigos de Práctica finales más adelante en el año.;2025-12-24 01:09:04",12 NOV 2025
gobiernos,Bielorrusia Bloquea los Sitios Web de Importantes Intercambios de Criptomonedas por 'Publicidad Inapropiada',"Los sitios web de varias plataformas globales de criptomonedas, incluidas Bitget, Bybit y OKX, han sido bloqueados en Belarús, a partir del 10 de diciembre, tras una decisión del Ministerio de Información. La restricción, confirmada por datos de la Empresa Unitaria Republicana para la Supervisión de las Telecomunicaciones (BelGIE), también afecta a las casas de cambio BingX, Weex y Gate.com. | El repentino bloqueo de Belarús a varias plataformas de intercambio de criptomonedas globales, incluidas Bybit y OKX, ocurre solo unos meses después de que el presidente Aleksandr Lukashenko expresara públicamente su frustración porque los residentes estaban usando estas plataformas para sacar capital del país. Para combatir esto, Lukashenko instó a los funcionarios a recalibrar el marco regulatorio para asegurar que solo las plataformas “legítimas” pudieran operar en el país. | El Ministerio de Información aclaró que la información detallada sobre la naturaleza de las violaciones de publicidad se proporcionará exclusivamente a los propietarios de las plataformas afectadas. | Para que las casas de cambio puedan reanudar el acceso, deben seguir el procedimiento descrito en el Artículo 51-2 de la Ley de Medios de Comunicación. Esto requiere que el propietario presente una solicitud después de eliminar las supuestas violaciones de la legislación que llevaron a la decisión de restricción, así como abordar cualquier otra violación legal.;2025-12-24 01:12:54",12 DIC 2025
tecnologia,$180 millones hackeados del sistema bancario brasileño: los atacantes cobraron utilizando criptomonedas,"La parte no identificada explotó una vulnerabilidad en el software de C&M que le permitió tomar el control de varias cuentas vinculadas a BMP, un proveedor de banca como servicio. Esto les permitió tomar millones de reales de instituciones como Bradesco y Credsystem, otra institución que proporciona servicios de tarjetas de crédito. | Mientras el Banco Central de Brasil reconoció que el ataque sucedió y ha desconectado el acceso de C&M al sistema, no ha habido informes oficiales detallando las pérdidas reales causadas por este exploit. | Fuentes informan que las pérdidas podrían alcanzar hasta 1 mil millones de reales (más de $180 millones), que ya estarían fuera del alcance de estas instituciones, ya que los hackers tomaron medidas rápidas para mover estos fondos fuera del sistema usando Pix, el sistema de pago instantáneo brasileño. | Para este fin, los atacantes aprovecharon la popularidad de este sistema de pago y dirigieron los fondos robados a varios intercambios de criptomonedas que soportan esta función para lavar los fondos. Parte del dinero fue intercambiado a través de estas plataformas brasileñas por bitcoin y USDT de Tether. | Rocelo Lopes, CEO de Smartpay, criticó la vulnerabilidad del sistema bancario brasileño, que carece de las salvaguardas necesarias para detener este tipo de ataque.;2025-12-24 00:26:16",03 JUL 2025
tecnologia,$2.2 mil millones robados en 303 hacks de criptomonedas en 2024: Informe de Chainalysis,"La cantidad de cripto robado en 2024 aumentó un 21,07% interanual con 303 incidentes de hackeo en comparación con 282 en 2023. Curiosamente, la mayoría de los hackeos ocurrieron entre enero y julio de 2024, con $1.58 mil millones robados en ese período. | Este cambio en la estrategia de los hackers de defi a servicios centralizados enfatiza cuán crucial es asegurar mecanismos que sean amigables para hackers, como las claves privadas. En 2024, los compromisos de claves privadas representaron el 43,8% de todos los robos de cripto. | Para oscurecer el rastro de transacciones y hacer más difícil el rastreo, los hackers frecuentemente lavan activos robados a través de intercambios descentralizados (dexs), servicios de minería o servicios de mezcla/puente. | Esto nuevamente fue evidente en 2024 con hackers norcoreanos robando $1.34 mil millones en 47 incidentes, un aumento del 102,88% en los $660.50 millones robados en 2023 en 20 incidentes. La cantidad total de fondos robados por hackers norcoreanos representa el 20% de todos los incidentes y el 61% de los fondos totales robados durante todo el año. | El aumento del robo de cripto en 2024 enfatiza cómo el sector debe adaptarse a un entorno de amenazas cambiante y más complicado. Además de mejorar la resiliencia necesaria para proteger los activos cripto, programas de intercambio de datos, soluciones de seguridad en tiempo real, herramientas de rastreo sofisticadas y capacitación enfocada pueden permitir a las partes interesadas detectar y eliminar rápidamente a los hackers para prevenir pérdidas a gran escala.;2025-12-24 00:30:44",21 DIC 2024
tecnologia,$3.2B en ETH fluyen hacia el staking líquido en solo 14 semanas,"Rocket Pool toma la posición de bronce, contribuyendo con 652,585 ETH, o $3.09 mil millones en valor, aunque ha caído un 0.48% en la semana. Liquid Collective sigue con 365,918 ETH valorados en $1.74 mil millones, manteniéndose estable con un modesto crecimiento, mientras que Stakewise V2 añade 321,413 ETH a $1.53 mil millones pero ha disminuido un 16% en el último mes. | Frax Ether mantiene 93,928 ETH ($446 millones), seguido por Origin Ether con 38,143 ETH ($181 millones), que ha tenido problemas con un descenso mensual de dos dígitos. Los grupos más pequeños aún hacen sentir su presencia: Crypto.com Liquid Staking, con 36,043 ETH ($172 millones), ha disfrutado de un repunte del 4.72% esta semana. | Mientras tanto, Stakestone STONE, cierra la lista con 29,962 ETH ($142 millones), aunque ha caído un 14.52% en 30 días. Con 14.31 millones de ether en staking, el valor ahora se sitúa en $67.948 mil millones. El ETH retenido para el staking líquido representa el 11.86% de los 120,707,167 ETH en circulación hoy día.;2025-12-24 00:49:44",24 AGO 2025
tecnologia,'Cripto Estafa de 'Dinero Gratis' Utiliza Carteras Falsas para Robar Tus Fondos,"Un ejemplo compartido por Kaspersky describía un comentario bajo un video relacionado con finanzas que decía: “Tengo una pregunta. Tengo USDT almacenado en mi cartera y tengo la frase semilla. ¿Cómo transfiero mis fondos a otra cartera?” La frase semilla completa se dejó en el comentario, lo que generó sospechas inmediatas. La compañía explicó: | El fraude se dirige a aquellos que intentan acceder a la cartera usando la frase semilla. Al entrar, descubren miles de dólares en USDT, pero se les bloquea transferir fondos sin antes pagar una pequeña tarifa. Kaspersky detalló: “Para retirar USDT, se debe pagar una pequeña tarifa en otra moneda: TRX (el token de criptomoneda TRON). Desafortunadamente, la cartera no tiene suficiente TRX, por lo que el ladrón intenta transferir TRX desde su propia cartera personal, solo para descubrir que los tokens que transfirieron terminaron inmediatamente en una cartera completamente diferente, una tercera.” | Kaspersky elaboró sobre el truco detrás del esquema: | Cualquier TRX enviado para cubrir la tarifa se redirige a otra cartera controlada por los estafadores, dejando al que intentaba robar con las manos vacías. | Describiendo la dinámica de la estafa, Kaspersky afirmó, “Así que los estafadores están haciéndose pasar por principiantes que tontamente comparten acceso a sus carteras criptográficas, engañando a ladrones igualmente ingenuos, quienes terminan convirtiéndose en las víctimas.” La compañía aconsejó a los usuarios de cripto que eviten acceder a carteras de otros, sin importar cuán tentadora parezca la oportunidad. Al mantenerse informados y practicar un comportamiento ético, los individuos pueden proteger sus activos y mantenerse alejados de trampas engañosas como esta.;2025-12-24 00:40:03",24 DIC 2024
tecnologia,1inch eleva el comercio entre cadenas a través de la Alianza ZKsync,"A través de esta integración, los usuarios de 1inch aprovechan el marco optimizado de ZKsync para intercambios entre cadenas, prometiendo liquidaciones más rápidas y transferencias económicas. A medida que avanza la innovación en L2, ZKsync emerge como un pilar en la escalabilidad de los ecosistemas blockchain. Su agenda para 2025 apunta a 10,000 transacciones por segundo y explora nuevos protocolos para reducir aún más las estructuras de tarifas.;2025-12-24 00:45:31",06 FEB 2025
tecnologia,"4 Arrestos, Sanciones Siguen a Operación Global Contra el Grupo Lockbit","Europol anunció el 1 de octubre un desarrollo importante en la lucha contra el grupo de ransomware Lockbit, con cuatro arrestos y nuevas sanciones financieras. Francia, el Reino Unido y España llevaron a cabo acciones coordinadas que resultaron en los arrestos de individuos clave vinculados a Lockbit, incluido un desarrollador y un administrador de servicio de hosting Bulletproof. Europol detalló: | Estas acciones son parte de la Operación Cronos, un esfuerzo internacional de aplicación de la ley de larga data que involucra a 12 países y Eurojust. Además de los arrestos, múltiples gobiernos impusieron sanciones contra individuos asociados con el grupo de ransomware. Europol notó que Australia, el Reino Unido y los EE. UU. emitieron sanciones contra un afiliado de Lockbit vinculado a Evil Corp. | Europol añadió: | Lockbit ha sido uno de los grupos de ransomware más activos a nivel mundial entre 2021 y 2023, operando bajo un modelo de ransomware como servicio. Las agencias de aplicación de la ley, con el apoyo de Europol, han estado trabajando para desmantelar la infraestructura de Lockbit desde febrero de 2024. Europol también enfatizó el papel de la iniciativa “No More Ransom”, que ofrece herramientas de descifrado gratuitas para las víctimas y ya ha asistido a más de seis millones de individuos en todo el mundo.;2025-12-24 00:39:04",05 OCT 2024
tecnologia,Aave considera una asociación con Spiderchain basada en Bitcoin,"Si se aprueba, la propuesta señala que el despliegue podría mejorar las opciones de liquidez de Aave y atraer a una nueva base de usuarios de tenedores de bitcoin interesados en ganar rendimiento a través de defi. La propuesta describe varios beneficios de la integración, incluyendo ventaja de ser pionero en el emergente sector de finanzas descentralizadas (defi) de Bitcoin y el potencial para diversificar los activos basados en bitcoin de Aave.;2025-12-24 00:35:30",15 NOV 2024
tecnologia,Aave Labs Adquiere Stable Finance para Ampliar las Ofertas DeFi Centradas en el Consumidor,"La empresa, mejor conocida por su protocolo de préstamos DeFi y la interfaz de Aave.com, ha estado expandiéndose en servicios institucionales a través de su plataforma Horizon, que Aave reveló que superó los $300 millones en depósitos desde su lanzamiento en agosto de 2025. | “El futuro de las finanzas está en cadena”, dijo el fundador de Aave Labs, Stani Kulechov. “Esta adquisición refuerza nuestro compromiso de convertir las finanzas en cadena en finanzas cotidianas: ganar intereses, pedir prestado y ahorrar.” Cabrera dijo que unirse a Aave Labs permitiría “escalar más rápido y contribuir significativamente a la próxima ola de innovación financiera centrada en el usuario.” | La aplicación Stable Finance será eliminada con el tiempo, con su tecnología y equipo redirigidos hacia futuros productos de consumo de Aave Labs. La reciente expansión de la empresa marca su tercera adquisición, después de Sonar en 2022 y Family en 2023, mientras fortalece sus capacidades de diseño de producto en todo el ecosistema DeFi.;2025-12-24 00:42:58",23 OCT 2025
tecnologia,Aave Labs introduce una plataforma DeFi compatible con el cumplimiento normativo para inversores institucionales,"Los productos potenciales bajo Horizon incluyen plataformas de préstamos y créditos para RWAs tokenizados, lugares de negociación descentralizados y fondos de inversión basados en blockchain. Estas herramientas podrían permitir a las instituciones participar en actividades DeFi como ganar intereses sobre activos o pedir prestado contra ellos, reflejando los protocolos existentes de Aave mientras atienden a los requisitos institucionales. | El cumplimiento normativo es un pilar clave de la iniciativa. Se espera que Horizon incorpore mecanismos de conocimiento del cliente (KYC) y de lucha contra el lavado de dinero (AML) para alinearse con los marcos legales institucionales, abordando una barrera de larga data para la adopción a gran escala de DeFi. | Sin embargo, persisten desafíos, incluyendo incertidumbres regulatorias, complejidades legales jurisdiccionales y la aversión al riesgo institucional. Las preocupaciones de seguridad y las exigencias técnicas de integrar características de cumplimiento en los sistemas descentralizados también pueden plantear obstáculos.;2025-12-24 00:47:56",14 MAR 2025
tecnologia,Aave Labs lanza Horizon para unir las Finanzas Tradicionales y DeFi,"El colateral inicial elegible incluye fondos como el Superstate Short Duration U.S. Government Securities Fund (USTB) y el Janus Henderson Anemoy Treasury Fund (JTRSY) de Centrifuge. La plataforma planea expandir sus clases de activos compatibles con el tiempo. | “Horizon proporciona la infraestructura y la profunda liquidez de stablecoins que las instituciones requieren para operar en cadena”, comentó Stani Kulechov, fundador de Aave Labs, el miércoles. Declaró que la plataforma desbloquea transparencia y mercados más eficientes. | Para impulsar este préstamo institucional, Horizon integró el SmartData de Chainlink, comenzando con su producto Onchain NAV. Esto proporciona datos precisos en tiempo real sobre el valor neto de los activos directamente en cadena, lo cual es crucial para valorar de manera segura el colateral de RWA y permitir préstamos sobrecolateralizados y conformes. | Al combinar el cumplimiento impuesto por el emisor a nivel del token con mercados de stablecoins sin permisos, Horizon expande el alcance de Aave hacia las finanzas tradicionales (TradFi). Posiciona al ecosistema como una fuente central de liquidez para el creciente mercado de tokenización.;2025-12-24 00:47:03",27 AGO 2025
